<?xml version="1.0" encoding="UTF-8"?>
<GenRun Id="impl_1" LaunchPart="xc7a100tcsg324-1" LaunchTime="1661939552">
  <File Type="BITSTR-BMM" Name="display_design_bd.bmm"/>
  <File Type="OPT-METHODOLOGY-DRC" Name="display_design_methodology_drc_opted.rpt"/>
  <File Type="INIT-TIMING" Name="display_design_timing_summary_init.rpt"/>
  <File Type="ROUTE-PWR" Name="display_design_power_routed.rpt"/>
  <File Type="PA-TCL" Name="display_design.tcl"/>
  <File Type="OPT-TIMING" Name="display_design_timing_summary_opted.rpt"/>
  <File Type="OPT-DCP" Name="display_design_opt.dcp"/>
  <File Type="ROUTE-PWR-SUM" Name="display_design_power_summary_routed.pb"/>
  <File Type="REPORTS-TCL" Name="display_design_reports.tcl"/>
  <File Type="OPT-DRC" Name="display_design_drc_opted.rpt"/>
  <File Type="OPT-HWDEF" Name="display_design.hwdef"/>
  <File Type="PWROPT-DCP" Name="display_design_pwropt.dcp"/>
  <File Type="PWROPT-DRC" Name="display_design_drc_pwropted.rpt"/>
  <File Type="PWROPT-TIMING" Name="display_design_timing_summary_pwropted.rpt"/>
  <File Type="PLACE-DCP" Name="display_design_placed.dcp"/>
  <File Type="PLACE-IO" Name="display_design_io_placed.rpt"/>
  <File Type="PLACE-CLK" Name="display_design_clock_utilization_placed.rpt"/>
  <File Type="PLACE-UTIL" Name="display_design_utilization_placed.rpt"/>
  <File Type="PLACE-UTIL-PB" Name="display_design_utilization_placed.pb"/>
  <File Type="PLACE-CTRL" Name="display_design_control_sets_placed.rpt"/>
  <File Type="PLACE-SIMILARITY" Name="display_design_incremental_reuse_placed.rpt"/>
  <File Type="PLACE-PRE-SIMILARITY" Name="display_design_incremental_reuse_pre_placed.rpt"/>
  <File Type="BG-BGN" Name="display_design.bgn"/>
  <File Type="PLACE-TIMING" Name="display_design_timing_summary_placed.rpt"/>
  <File Type="POSTPLACE-PWROPT-DCP" Name="display_design_postplace_pwropt.dcp"/>
  <File Type="BG-BIN" Name="display_design.bin"/>
  <File Type="POSTPLACE-PWROPT-TIMING" Name="display_design_timing_summary_postplace_pwropted.rpt"/>
  <File Type="PHYSOPT-DCP" Name="display_design_physopt.dcp"/>
  <File Type="PHYSOPT-DRC" Name="display_design_drc_physopted.rpt"/>
  <File Type="BITSTR-MSK" Name="display_design.msk"/>
  <File Type="PHYSOPT-TIMING" Name="display_design_timing_summary_physopted.rpt"/>
  <File Type="ROUTE-ERROR-DCP" Name="display_design_routed_error.dcp"/>
  <File Type="ROUTE-DCP" Name="display_design_routed.dcp"/>
  <File Type="ROUTE-BLACKBOX-DCP" Name="display_design_routed_bb.dcp"/>
  <File Type="ROUTE-DRC" Name="display_design_drc_routed.rpt"/>
  <File Type="ROUTE-DRC-PB" Name="display_design_drc_routed.pb"/>
  <File Type="BITSTR-LTX" Name="debug_nets.ltx"/>
  <File Type="BITSTR-LTX" Name="display_design.ltx"/>
  <File Type="ROUTE-DRC-RPX" Name="display_design_drc_routed.rpx"/>
  <File Type="BITSTR-MMI" Name="display_design.mmi"/>
  <File Type="ROUTE-METHODOLOGY-DRC" Name="display_design_methodology_drc_routed.rpt"/>
  <File Type="ROUTE-METHODOLOGY-DRC-RPX" Name="display_design_methodology_drc_routed.rpx"/>
  <File Type="BITSTR-SYSDEF" Name="display_design.sysdef"/>
  <File Type="ROUTE-METHODOLOGY-DRC-PB" Name="display_design_methodology_drc_routed.pb"/>
  <File Type="ROUTE-PWR-RPX" Name="display_design_power_routed.rpx"/>
  <File Type="ROUTE-STATUS" Name="display_design_route_status.rpt"/>
  <File Type="ROUTE-STATUS-PB" Name="display_design_route_status.pb"/>
  <File Type="ROUTE-TIMINGSUMMARY" Name="display_design_timing_summary_routed.rpt"/>
  <File Type="ROUTE-TIMING-PB" Name="display_design_timing_summary_routed.pb"/>
  <File Type="ROUTE-TIMING-RPX" Name="display_design_timing_summary_routed.rpx"/>
  <File Type="ROUTE-SIMILARITY" Name="display_design_incremental_reuse_routed.rpt"/>
  <File Type="ROUTE-CLK" Name="display_design_clock_utilization_routed.rpt"/>
  <File Type="ROUTE-BUS-SKEW" Name="display_design_bus_skew_routed.rpt"/>
  <File Type="ROUTE-BUS-SKEW-PB" Name="display_design_bus_skew_routed.pb"/>
  <File Type="ROUTE-BUS-SKEW-RPX" Name="display_design_bus_skew_routed.rpx"/>
  <File Type="POSTROUTE-PHYSOPT-DCP" Name="display_design_postroute_physopt.dcp"/>
  <File Type="POSTROUTE-PHYSOPT-BLACKBOX-DCP" Name="display_design_postroute_physopt_bb.dcp"/>
  <File Type="POSTROUTE-PHYSOPT-TIMING" Name="display_design_timing_summary_postroute_physopted.rpt"/>
  <File Type="POSTROUTE-PHYSOPT-TIMING-PB" Name="display_design_timing_summary_postroute_physopted.pb"/>
  <File Type="POSTROUTE-PHYSOPT-TIMING-RPX" Name="display_design_timing_summary_postroute_physopted.rpx"/>
  <File Type="POSTROUTE-PHYSOPT-BUS-SKEW" Name="display_design_bus_skew_postroute_physopted.rpt"/>
  <File Type="POSTROUTE-PHYSOPT-BUS-SKEW-PB" Name="display_design_bus_skew_postroute_physopted.pb"/>
  <File Type="BG-BIT" Name="display_design.bit"/>
  <File Type="POSTROUTE-PHYSOPT-BUS-SKEW-RPX" Name="display_design_bus_skew_postroute_physopted.rpx"/>
  <File Type="BITSTR-RBT" Name="display_design.rbt"/>
  <File Type="BITSTR-NKY" Name="display_design.nky"/>
  <File Type="BG-DRC" Name="display_design.drc"/>
  <File Type="RDI-RDI" Name="display_design.vdi"/>
  <File Type="WBT-USG" Name="usage_statistics_webtalk.html"/>
  <FileSet Name="sources" Type="DesignSrcs" RelSrcDir="$PSRCDIR/sources_1">
    <Filter Type="Srcs"/>
    <File Path="$PSRCDIR/sources_1/new/display_design.v">
      <FileInfo>
        <Attr Name="UsedIn" Val="synthesis"/>
        <Attr Name="UsedIn" Val="implementation"/>
        <Attr Name="UsedIn" Val="simulation"/>
      </FileInfo>
    </File>
    <Config>
      <Option Name="DesignMode" Val="RTL"/>
      <Option Name="TopModule" Val="display_design"/>
      <Option Name="TopAutoSet" Val="TRUE"/>
    </Config>
  </FileSet>
  <FileSet Name="constrs_in" Type="Constrs" RelSrcDir="$PSRCDIR/constrs_1">
    <Filter Type="Constrs"/>
    <File Path="$PSRCDIR/constrs_1/new/display_design.xdc">
      <FileInfo>
        <Attr Name="UsedIn" Val="synthesis"/>
        <Attr Name="UsedIn" Val="implementation"/>
      </FileInfo>
    </File>
    <Config>
      <Option Name="ConstrsType" Val="XDC"/>
    </Config>
  </FileSet>
  <FileSet Name="utils" Type="Utils" RelSrcDir="$PSRCDIR/utils_1">
    <Filter Type="Utils"/>
    <Config>
      <Option Name="TopAutoSet" Val="TRUE"/>
    </Config>
  </FileSet>
  <Strategy Version="1" Minor="2">
    <StratHandle Name="Vivado Implementation Defaults" Flow="Vivado Implementation 2018"/>
    <Step Id="init_design"/>
    <Step Id="opt_design"/>
    <Step Id="power_opt_design"/>
    <Step Id="place_design"/>
    <Step Id="post_place_power_opt_design"/>
    <Step Id="phys_opt_design"/>
    <Step Id="route_design"/>
    <Step Id="post_route_phys_opt_design"/>
    <Step Id="write_bitstream"/>
  </Strategy>
</GenRun>
